video_id,title,url,view_count,genre,country
SAatIvgtUBk,Golden Soul & Funk Ballads 1970 | Curtis Mayfield Inspired ✨ Vintage Chicago Grooves [Lost Album],https://www.youtube.com/watch?v=SAatIvgtUBk,11658,soul,Unknown
nhIwC5ja6AQ,Rarest of the Rare Northern Soul,https://www.youtube.com/watch?v=nhIwC5ja6AQ,3135,soul,Unknown
7WKT0cLXvzc,Romantic Chicago Soul (1970s) | I Saw My Faith in You – A Lost Curtis Mayfield Collaboration,https://www.youtube.com/watch?v=7WKT0cLXvzc,2784,soul,Unknown
LIS_w-aSO5U,Soul Duets Ballad  – Timeless 1970s Soul Classics | Every heart deserves a home,https://www.youtube.com/watch?v=LIS_w-aSO5U,7577,soul,Unknown
KFZohTcH-Lo,Northern Soul 20 - Six Original Rare Crackers,https://www.youtube.com/watch?v=KFZohTcH-Lo,12840,soul,Unknown
uff5LwyMlqY,"FLOWERS - FOR REAL      ""RARE SOUL""",https://www.youtube.com/watch?v=uff5LwyMlqY,4318,soul,Unknown
9hqD0M2WshA,Rare Soul Disco Funk 12 She - Easy Money,https://www.youtube.com/watch?v=9hqD0M2WshA,552,soul,Unknown
qXOXsQMa_PU,Cool Rare Northern Soul for the Connoisseur,https://www.youtube.com/watch?v=qXOXsQMa_PU,1302,soul,Unknown
hIoYvdLLPPM,Rare Soul Funk 45 Bob Williams - I'm Alright,https://www.youtube.com/watch?v=hIoYvdLLPPM,773,soul,Unknown
TbVm7v3Zn4c,🎵70s & 80s Soul & Funk Groove Vibes – Vinyl Nights #9 -  How Look At Us,https://www.youtube.com/watch?v=TbVm7v3Zn4c,314,soul,Unknown
t_Uv3aSur0Q,🎵70s & 80s Soul & Funk Groove Vibes – Vinyl Nights #11 -  Rhythm On The Rise,https://www.youtube.com/watch?v=t_Uv3aSur0Q,360,soul,Unknown
mUytgaPTwQQ,Vinyl Nights #7🎵70s & 80s Soul & Funk Groove Vibes – Real Love Every Day,https://www.youtube.com/watch?v=mUytgaPTwQQ,409,soul,Unknown
i_yEM0_SO58,Inner Soul - Put The Hurt On You [Cherrie] 1976 Sweet Soul Funk 45,https://www.youtube.com/watch?v=i_yEM0_SO58,7533,soul,Unknown
T3VsDRp3tbM,Soul of the 70s,https://www.youtube.com/watch?v=T3VsDRp3tbM,395,soul,Unknown
OfLRkeP8RpY,Rare 70's ARABIC SOUL JAZZ,https://www.youtube.com/watch?v=OfLRkeP8RpY,463,soul,Unknown
2b5_-6ecQq8,Rare Modern Soul 45 Jewel - Paradise,https://www.youtube.com/watch?v=2b5_-6ecQq8,2350,soul,Unknown
XPHuV5T8WHk,"🎵70s–80s Soul, Funk, Disco & R&B Night Grooves Vibes | Evening Ride",https://www.youtube.com/watch?v=XPHuV5T8WHk,483,soul,Unknown
2f_wn_o0pG8,Carol Williams — Only Way of Living — Rare '70s Unreleased Soul,https://www.youtube.com/watch?v=2f_wn_o0pG8,1691,soul,Unknown
vA2RAePb9jY,🎵70s & 80s Soul & Funk Groove Vibes – Vinyl Nights #8 - Every Doubt,https://www.youtube.com/watch?v=vA2RAePb9jY,378,soul,Unknown
jr1z_QwNI4s,Shirley Brooks - Hold Me After Closing Time (Rare 70s Soul),https://www.youtube.com/watch?v=jr1z_QwNI4s,213,soul,Unknown
EJjrJO6bmpA,"Rare Philly disco soul first T.K. Disco 12"" (1976) Wild Honey - At The Top Of The Stairs Ron Kersey",https://www.youtube.com/watch?v=EJjrJO6bmpA,1984,soul,Unknown
8CzAdtt9yoI,Rare Groove & G-Funk 70s #Serie #Episode #3 (TRACKLIST),https://www.youtube.com/watch?v=8CzAdtt9yoI,11280,soul,Unknown
yz99fS7-sKM,Beat Cinema Vol. 5 | 1970s Rare Soul Ride (Visual By @HiggsfieldAI),https://www.youtube.com/watch?v=yz99fS7-sKM,20,soul,Unknown
rOZ4Tgbv7Ak,Time Ain’t On My Side – Lee Moses Style Rare 70s Soul,https://www.youtube.com/watch?v=rOZ4Tgbv7Ak,45,soul,Unknown
LRcoNfO2nYU,Rare Gospel Sweet Soul LP Ballard Brothers - Ive Been Crying,https://www.youtube.com/watch?v=LRcoNfO2nYU,879,soul,Unknown
fmW6SzorNqQ,RARE SOUL LP - CAROL WOODS - Out Of The Woods - 1972 Ember,https://www.youtube.com/watch?v=fmW6SzorNqQ,27384,soul,Unknown
NkhIhNgSxv4,Shirley Brooks - After Hours Love (Rare 70s Soul),https://www.youtube.com/watch?v=NkhIhNgSxv4,236,soul,Unknown
f1EclOnMzmY,"Edna Wright ""If The Price Is Right"" 70s SOUL",https://www.youtube.com/watch?v=f1EclOnMzmY,6774,soul,Unknown
Oc7yhO_GAqc,Classic 70’s Soul Demos (1976) [Lost Sessions] – Stevie Wonder Tribute Style,https://www.youtube.com/watch?v=Oc7yhO_GAqc,439,soul,Unknown
c5oMo7TL6KA,🎵70s & 80s Soul & Funk Groove Vibes – Vinyl Nights #10 -  Show Me How,https://www.youtube.com/watch?v=c5oMo7TL6KA,288,soul,Unknown
yR2CpFlzE_k,Love in Motion -  Single [unknown 70s Soul gems],https://www.youtube.com/watch?v=yR2CpFlzE_k,247,soul,Unknown
ukku8NIfvVk,GENERATIONS SOUL FUNK 70S,https://www.youtube.com/watch?v=ukku8NIfvVk,2891,soul,Unknown
r6PEzt0jshg,[Mini Mix] Rare Soul & Disco Vol.34 - The Soulparanos Selection,https://www.youtube.com/watch?v=r6PEzt0jshg,31627,soul,Unknown
xXdlyFMZKfA,BARRY WHITE It's only love doing it's thing  70s Rare Soul,https://www.youtube.com/watch?v=xXdlyFMZKfA,6969,soul,Unknown
bhq2AhIcnqQ,James Brown – The Funk Machine [Lost Reels 1971] – Rare Funk & Soul Sessions,https://www.youtube.com/watch?v=bhq2AhIcnqQ,15360,soul,Unknown
AMNgVskaWwk,Rare Modern Soul 45 Luxury - i Love You,https://www.youtube.com/watch?v=AMNgVskaWwk,579,soul,Unknown
KkH5xEu8EnA,RARE MODERN SOUL - FLOWERS - For Real (Part 1&2) - 1976 LA Xpressio,https://www.youtube.com/watch?v=KkH5xEu8EnA,38987,soul,Unknown
hDtg8hV1HSM,RARE SOUL ORCHESTRA #3,https://www.youtube.com/watch?v=hDtg8hV1HSM,999,soul,Unknown
Xig95sefIJQ,GENERATIONS SOUL FUNK 70s,https://www.youtube.com/watch?v=Xig95sefIJQ,1549,soul,Unknown
Qg6mlU3ZZ_Y,BOBBY WOMACK  Git it  70s Rare Soul Instr.,https://www.youtube.com/watch?v=Qg6mlU3ZZ_Y,5103,soul,Unknown
YjxByST_VOU,Rare Soul Disco Boogie 45 Rare Pleasure – Let Me Down Easy,https://www.youtube.com/watch?v=YjxByST_VOU,559,funk,Unknown
KqatVROPPOk,Midnight Groove Ride – Rare 70s Funk Soul Vibes (Deep Old School Funk 2026),https://www.youtube.com/watch?v=KqatVROPPOk,3,soul,Unknown
AJ5KKuG4-yo,"Deep Soul, Rare Groove & G-Funk 70s #Serie #Episode #1",https://www.youtube.com/watch?v=AJ5KKuG4-yo,29131,soul,Unknown
htSdkFmTT5o,Lee Moore The Heart Of A Woman 1970 RARE US SOUL 45,https://www.youtube.com/watch?v=htSdkFmTT5o,797,soul,Unknown
x7RGTq_QW9w,70s Soul Medley - RCP 2017 American Vinyl,https://www.youtube.com/watch?v=x7RGTq_QW9w,63,soul,Unknown
-Q0R_dMPaEc,Jarrier Modrow - Rare Soul (Julian Bendall´s Afternoon Soul Edit Mix),https://www.youtube.com/watch?v=-Q0R_dMPaEc,4725,soul,Unknown
i-X1mEQE8oU,GENERATIONS SOUL FUNK 70s,https://www.youtube.com/watch?v=i-X1mEQE8oU,1016,soul,Unknown
F2mtXynxQ4c,GENERATIONS SOUL FUNK 70s,https://www.youtube.com/watch?v=F2mtXynxQ4c,788,soul,Unknown
8V6enEj5XW8,My 70's Soul - Funk - Disco Collection (part 1),https://www.youtube.com/watch?v=8V6enEj5XW8,35031,soul,Unknown
zOtJJ8Vlhck,Let This Love In R&B / Soul 70s / 80s RARE Unreleased music #music #romantic #hitsong,https://www.youtube.com/watch?v=zOtJJ8Vlhck,836,soul,Unknown
4P8KDoUCSEQ,Chicago Soul | Steve Oh Inspired 1970s Soul – Inner Dawn [Unreleased Album],https://www.youtube.com/watch?v=4P8KDoUCSEQ,96,soul,Unknown
6m71_VKT39I,GENERATIONS SOUL FUNK 70s,https://www.youtube.com/watch?v=6m71_VKT39I,1648,soul,Unknown
PovKANmVbbk,Inner Soul - Little Jack Horner [Cherrie] 1976 Rare Funk 45,https://www.youtube.com/watch?v=PovKANmVbbk,3634,soul,Unknown
7MJHGzGlszo,GENERATIONS SOUL FUNK 70s,https://www.youtube.com/watch?v=7MJHGzGlszo,5697,soul,Unknown
AGCqMnWYt8I,Howard Scott Jr   Baby/Lets Get It On   Rare Unknown Private Press 1970's Sweet  Soul   Funk R&B,https://www.youtube.com/watch?v=AGCqMnWYt8I,3426,soul,Unknown
dnRm2YcacvU,Franklin Wade - Still My Lady (Rare 70s Soul),https://www.youtube.com/watch?v=dnRm2YcacvU,200,soul,Unknown
CgngoLX8Vlo,GENERATIONS SOUL FUNK 70s,https://www.youtube.com/watch?v=CgngoLX8Vlo,2600,soul,Unknown
nvpyGQCAx2k,Rare Gospel Soul LP Brother Allan Johnson - Keep Your Mind On High,https://www.youtube.com/watch?v=nvpyGQCAx2k,504,soul,Unknown
gJBHUA2XcfA,FOUR TOPS  Right on Brother 70s Soul,https://www.youtube.com/watch?v=gJBHUA2XcfA,6394,soul,Unknown
UBrmjeEYwE4,[Mini Mix] SOUL 70s SPECIAL VERSION,https://www.youtube.com/watch?v=UBrmjeEYwE4,1198,soul,Unknown
qBpRcahoZts,Do you miss 70s–80s?🎵Soul/Funk Groove/R&B Night Vibes Inspired | Lost In The Masquerade,https://www.youtube.com/watch?v=qBpRcahoZts,946,soul,Unknown
KEBfabKNSew,That Vindaloo Made Me Follow Through - Bobo Bojangles (rare 1970's soul vinyl),https://www.youtube.com/watch?v=KEBfabKNSew,837,soul,Unknown
n2tkx42U-SM,David Ruffin - Questions  70s Moderm Soul  Motown Soul Tamla,https://www.youtube.com/watch?v=n2tkx42U-SM,990,soul,Unknown
PGlzVTlvgvk,"10 Records for Soul Lovers, you should check out #vinylcommunity #soul #love #music",https://www.youtube.com/watch?v=PGlzVTlvgvk,2320,soul,Unknown
5mr40Tfbha8,Rare Soul 45 Swiss Movement – I Wish Our Love Would Last Forever,https://www.youtube.com/watch?v=5mr40Tfbha8,230,soul,Unknown
uaTRSKQHJyI,Soul Country Funk 70s vibe Good Mood Mix.,https://www.youtube.com/watch?v=uaTRSKQHJyI,123,soul,Unknown
c3Nqy7WHaLo,"Rare Soul Disco Funk 12""  Vance And Suzzanne - I Can't Get Along Without You",https://www.youtube.com/watch?v=c3Nqy7WHaLo,485,soul,Unknown
NdltVX6tBnA,"Raz 45s 1970s Soul, Funk and Disco",https://www.youtube.com/watch?v=NdltVX6tBnA,6118,soul,Unknown
cPtPuMCypGg,Rare Soul Disco Funk 45 Solid Gold Revue ft Ray Crumley - She's So Good,https://www.youtube.com/watch?v=cPtPuMCypGg,522,soul,Unknown
FvLxdtdzBDs,The J's - When Did You Stop - Dante 966     Northern Soul 1970s,https://www.youtube.com/watch?v=FvLxdtdzBDs,249,soul,Unknown
BiKYeolzloM,Avis - Simple Things - 70's Soul,https://www.youtube.com/watch?v=BiKYeolzloM,35,soul,Unknown
FnE3DUslHic,Rare  1970 Garcia 2A deep soul and   concert tone $999 obo,https://www.youtube.com/watch?v=FnE3DUslHic,286,soul,Unknown
W7y3nfgNook,SWEET SOUL SELECTION !   ( 15 MINUTES - CLASSIC & RARE SOUL RECORDS ),https://www.youtube.com/watch?v=W7y3nfgNook,346,soul,Unknown
lhSCigz2qSk,SOUL FUNK 70s SPECIAL SAMPLED,https://www.youtube.com/watch?v=lhSCigz2qSk,5122,soul,Unknown
hMLPi_0ETNY,The Soul of 1970s Harlem as Seen Through Jack Garofalo’s Camera  | RARE Historical Photos,https://www.youtube.com/watch?v=hMLPi_0ETNY,201,soul,Unknown
yjiUlZ5RNmI,🎵 Style Isaac Hayes - Shadows of Your Love | 70s Orchestral Soul Ballad,https://www.youtube.com/watch?v=yjiUlZ5RNmI,33083,soul,Unknown
sm2XKHYiSI8,Rare Modern Soul Gospel LP Prophecy - Somebodys Watching You,https://www.youtube.com/watch?v=sm2XKHYiSI8,605,soul,Unknown
aStBUFdiq2c,Rare Gospel Soul LP The Dynamic Echoes - When He Comes Back,https://www.youtube.com/watch?v=aStBUFdiq2c,415,soul,Unknown
VEqCFsystaw,Rare Soul Disco Funk 45 Pro-Fascination - Try Love Again,https://www.youtube.com/watch?v=VEqCFsystaw,445,soul,Unknown
FZApzeLXIvQ,Soul rare Groove 70s & 80s triple pack,https://www.youtube.com/watch?v=FZApzeLXIvQ,227,soul,Unknown
0j912VBYmnU,"The Cause - Promises, Promises [ASG] 1976 Sweet Soul 45",https://www.youtube.com/watch?v=0j912VBYmnU,17960,soul,Unknown
DBQWDbQv2w4,Rare Soul 45 Sky's The Limit - Dont Be Afraid,https://www.youtube.com/watch?v=DBQWDbQv2w4,366,soul,Unknown
xeGh18V0XDQ,GENERATIONS SOUL FUNK 70s,https://www.youtube.com/watch?v=xeGh18V0XDQ,1598,soul,Unknown
5BD3rQJjaLw,Hot Earth Band - Hard Times [Rekan] 70's Modern Soul Funk 45,https://www.youtube.com/watch?v=5BD3rQJjaLw,4566,soul,Unknown
O7bMhQUbSp0,Roger Sanchez Presents: Rare Soul (Julian Bendalls Afternoon Soul Edit Mix),https://www.youtube.com/watch?v=O7bMhQUbSp0,4192,soul,Unknown
YUjHLdwom0Y,One Step Beyond - I Don't Know What's Going On (1970s AMP Recordings),https://www.youtube.com/watch?v=YUjHLdwom0Y,666,unknown,Unknown
IehuwNyJ22w,Brothers Scott & Comp. Band - In The Beginning - Modern Soul Disco Rare Groove,https://www.youtube.com/watch?v=IehuwNyJ22w,1473,soul,Unknown
EV1StZZ3n7c,Vinyl Nights 4🎵70s & 80s Soul & Funk Groove Vibes – Don´t Be Shy,https://www.youtube.com/watch?v=EV1StZZ3n7c,454,soul,Unknown
j-2EjIgP65c,[Mini Mix]  Soul Style 70s (Part 2),https://www.youtube.com/watch?v=j-2EjIgP65c,2924,soul,Unknown
qjbK3T5vvzU,Rare Soul Ernie Marbray + 3,https://www.youtube.com/watch?v=qjbK3T5vvzU,13820,soul,Unknown
_UuGAdMiZm4,Smooth Soul Mixtape ~ 70s Groove (432Hz),https://www.youtube.com/watch?v=_UuGAdMiZm4,3041,soul,Unknown
yHYai5a_-fg,SAN FRANCISCO RARE SOUL RECORDS !!!   ( 12 minutes ),https://www.youtube.com/watch?v=yHYai5a_-fg,256,soul,Unknown
05t6IQdpUZM,Black Woman Soul- Funk Frequency | Rare Groove 79,https://www.youtube.com/watch?v=05t6IQdpUZM,1143,soul,Unknown
rFtAJxn9mtg,RARE GROOVE 70s - 3 IN THE MIX,https://www.youtube.com/watch?v=rFtAJxn9mtg,657,funk,Unknown
BYUalQgtGZU,"Johnny Mayes   Tell Me US Soul, Funk (1979)",https://www.youtube.com/watch?v=BYUalQgtGZU,369,soul,Unknown
hWPkDati0uw,🎵70s & 80s Soul & Funk Groove Vibes – Vinyl Nights #12 -  Pull Me Closer,https://www.youtube.com/watch?v=hWPkDati0uw,287,soul,Unknown
PbOJ0nAJIk4,Rare Soul Disco Junky Mix,https://www.youtube.com/watch?v=PbOJ0nAJIk4,275,soul,Unknown
nQauKTp5pjA,Lee Fields - I Wanna Dance (The Last Dance) - 70's Soul Funk - Rare And Great,https://www.youtube.com/watch?v=nQauKTp5pjA,2331,soul,Unknown
1u3yxMCHdB4,SWITCH  You pulled a switch  70s Soul,https://www.youtube.com/watch?v=1u3yxMCHdB4,2060,soul,Unknown
Lfhire0wB2A,Rare Soul Funk 45 Al Foster Band - Night Of The Wolf,https://www.youtube.com/watch?v=Lfhire0wB2A,295,soul,Unknown
B_1mkK4cXJA,Groove Junkies Choice Cut  ( Peabo Bryson - Smile ) MODERN 70S SOUL,https://www.youtube.com/watch?v=B_1mkK4cXJA,1257,soul,Unknown
NFmtGCT1U3k,Rare Modern Soul 12 The Harden Brothers   Deep Inside Of You,https://www.youtube.com/watch?v=NFmtGCT1U3k,449,soul,Unknown
i1aNQLf3MrA,Rare Soul Disco Funk Monsta - Give Me Something,https://www.youtube.com/watch?v=i1aNQLf3MrA,400,soul,Unknown
Byboj-W20Oo,"Rare  SOUL - Morning, Noon & Night - Movin' on down the line.",https://www.youtube.com/watch?v=Byboj-W20Oo,331,soul,Unknown
BjGB0iPwvvg,Do you miss 70s–80s?🎵Soul/Funk Groove/R&B Night Vibes Inspired | I Need You Here,https://www.youtube.com/watch?v=BjGB0iPwvvg,553,soul,Unknown
gVFnp281kx8,Rare Nigerian Soul 1981,https://www.youtube.com/watch?v=gVFnp281kx8,2776,soul,Unknown
EAObS1XALPI,Classic Northern Soul  Rare 1960's Original Vinyl,https://www.youtube.com/watch?v=EAObS1XALPI,3835,soul,Unknown
2HPg8mBg3w8,Let Me Take Your Hurt Away | 70s Chicago Soul Ballad (Montclairs Style),https://www.youtube.com/watch?v=2HPg8mBg3w8,123,soul,Unknown
UDb3aY1dajs,Musicdawn Show - 7 Sides Of Funk - 70's Soul Funk 45's Mix 2017,https://www.youtube.com/watch?v=UDb3aY1dajs,2978,soul,Unknown
c-YB0dracgg,JAY DEE  Games and funky things (Instr.) 70s Soul,https://www.youtube.com/watch?v=c-YB0dracgg,6130,soul,Unknown
90dwhU-sKkI,The Friendly Gospel Singers - Witness (Rare 1970s Soul),https://www.youtube.com/watch?v=90dwhU-sKkI,18,soul,Unknown
ulV8MdW6bWw,The Sensational New Harmony Four — Lifes Ocean / Witness (1970s Deep Soul Gospel) FULL SINGLE,https://www.youtube.com/watch?v=ulV8MdW6bWw,687,soul,Unknown
I2-xeJFuTrI,Rare Soul Boogie Funk 45 Popsicles - These Are The Good Times,https://www.youtube.com/watch?v=I2-xeJFuTrI,552,funk,Unknown
ML37-Vy3Jac,RARE SOUL FUNK - Doin Alright,https://www.youtube.com/watch?v=ML37-Vy3Jac,745,soul,Unknown
2zAMiD5UUSM,Rare Modern Soul Boogie 45 Bill - Space Lady,https://www.youtube.com/watch?v=2zAMiD5UUSM,920,funk,Unknown
jqv_M2JBNKI,Do you miss 70s–80s?🎵Soul/Funk Groove/R&B Night Vibes Inspired | Just Not Warm,https://www.youtube.com/watch?v=jqv_M2JBNKI,557,soul,Unknown
ert0z3NAT60,Winfield Parker - I Wanna Be With You - 70's Modern Soul Disco Rare Groove,https://www.youtube.com/watch?v=ert0z3NAT60,851,soul,Unknown
frJeZ3u2mU8,Frank Tenella & The Years People Band — You Came Along (...) [1970 - Odex Records - 133-OR-1067],https://www.youtube.com/watch?v=frJeZ3u2mU8,36,unknown,Unknown
DiIEtxFUTpc,GENERATIONS SOUL FUNK 70s,https://www.youtube.com/watch?v=DiIEtxFUTpc,887,soul,Unknown
Kncpi8iMcgk,Great Modern Soul Disco Lp Elizabeth - Melody's In My Heart,https://www.youtube.com/watch?v=Kncpi8iMcgk,143,soul,Unknown
ccF5mo-e3jM,RARE SOUL: THE THOMPSONS - Message - 1975,https://www.youtube.com/watch?v=ccF5mo-e3jM,15820,soul,Unknown
TvLLD_3mqsI,Lena Love – Love Ain’t Never Been This Good ❤️ | 70s Soul Slow Jam Vibes,https://www.youtube.com/watch?v=TvLLD_3mqsI,102,soul,Unknown
yG_YCLWJEq0,Love Committee - I Wanna Make Love To You [Love Committee] (Rare Groove / Ols Skool) 1980,https://www.youtube.com/watch?v=yG_YCLWJEq0,919,funk,Unknown
Pf6DJSQbiRc,RARE GROOVE SOUL N FUNKY - 3 IN THE MIX,https://www.youtube.com/watch?v=Pf6DJSQbiRc,483,soul,Unknown
ny2jpGaDw6o,Just One More Try - Rare Groove 80s | Midnight Romance,https://www.youtube.com/watch?v=ny2jpGaDw6o,14021,funk,Unknown
pm9-fJsDlvk,80s RARE GROOVE CLASSIC,https://www.youtube.com/watch?v=pm9-fJsDlvk,3506,unknown,Unknown
79bNYCBkqZk,RARE GROOVE - IT'S IN THE MIX 2,https://www.youtube.com/watch?v=79bNYCBkqZk,512,funk,Unknown
U7IidlNWYFs,RARE GROOVE - SLOW JAMS IN THE MIX,https://www.youtube.com/watch?v=U7IidlNWYFs,1386,funk,Unknown
CCSVpxiTUas,RARE GROOVE - IN THE MIX - 70s & 80s SOUL FUNK,https://www.youtube.com/watch?v=CCSVpxiTUas,1843,soul,Unknown
hVHdH_eh8go,"Executive Funk – The Groove Is On | 1980 Boogie, Disco, R&B, Soul",https://www.youtube.com/watch?v=hVHdH_eh8go,3681,funk,Unknown
2XTaY7fWkoo,Tell Me What's Real - 80s Rare Groove | After Hours Feeling,https://www.youtube.com/watch?v=2XTaY7fWkoo,705,funk,Unknown
H71vAGcjiag,RARE GROOVE MIX SOUL FUNK BOOGIE LONDON PIRATE RADIO HORIZON JFM LWR 92.5 1980'S SOUL PIRATE,https://www.youtube.com/watch?v=H71vAGcjiag,5338,funk,Unknown
JDgXEIFpan0,Talk To Me About Love - Rare Groove 80s | Slow Burning Love,https://www.youtube.com/watch?v=JDgXEIFpan0,1284,funk,Unknown
U6LCDsvHsN8,DON'T WANNA BE LONELY - T.LIFE. SOUL/FUNK/RARE GROOVE/80S,https://www.youtube.com/watch?v=U6LCDsvHsN8,2368,soul,Unknown
OXQwXlZR47A,🎶 Deep Funk & Rare Groove 3 Essential Tracks 1980,https://www.youtube.com/watch?v=OXQwXlZR47A,55,funk,Unknown
C7cn2KcXxY8,SOUL FUNK BOOGIE LONDON PIRATE RADIO HORIZON JFM LWR 92.5 1980'S RARE GROOVE,https://www.youtube.com/watch?v=C7cn2KcXxY8,1259,funk,Unknown
13vV5bbXaEE,THE FUNKY BIZ MIX - 70s & 80s Rare Groove - 4 In A Row,https://www.youtube.com/watch?v=13vV5bbXaEE,872,funk,Unknown
P-Ba-EzRgQw,RARE GROOVE MIX SOUL FUNK BOOGIE LONDON PIRATE RADIO HORIZON JFM LWR 92.5 1980'S,https://www.youtube.com/watch?v=P-Ba-EzRgQw,4399,funk,Unknown
9gRXRpc4Zx4,SOUL FUNK BOOGIE LONDON PIRATE RADIO HORIZON JFM LWR 92.5 1980'S RARE GROOVE,https://www.youtube.com/watch?v=9gRXRpc4Zx4,3639,funk,Unknown
C_ynh6grMyI,"80s Soul Music Mix (10 Mins) | Rare Groove, Soul Classics & Vinyl Vibes",https://www.youtube.com/watch?v=C_ynh6grMyI,732,soul,Unknown
QJunliUNUWI,RARE GROOVE MIX SOUL FUNK BOOGIE LONDON PIRATE RADIO HORIZON JFM LWR 92.5 1980'S,https://www.youtube.com/watch?v=QJunliUNUWI,2205,funk,Unknown
yOJg9y0vjYs,Rare Groove I level  In the sands,https://www.youtube.com/watch?v=yOJg9y0vjYs,5314,unknown,Unknown
UK0HVbQnC2Q,RARE GROOVE SOUL FUNK BOOGIE LONDON PIRATE RADIO HORIZON JFM LWR 92.5 1980'S,https://www.youtube.com/watch?v=UK0HVbQnC2Q,704,funk,Unknown
MfWq0KdhSL0,Crate Diggers Ep#2 | 80s Soul Funk Disco R&B  | Vinyl Record collection,https://www.youtube.com/watch?v=MfWq0KdhSL0,18275,funk,Unknown
yvZ_mfcS9g4,FUNKY-DISCO- BOOGIE- DANCE- RARE GROOVE 80s  #13Funk80  Mixed By Tony Liberati,https://www.youtube.com/watch?v=yvZ_mfcS9g4,701,disco,Unknown
iC6wsBzlal4,RARE GROOVE SOUL FUNK BOOGIE LONDON PIRATE RADIO HORIZON JFM LWR 92.5 1980'S,https://www.youtube.com/watch?v=iC6wsBzlal4,1082,funk,Unknown
TH9lTEPYlhY,RARE GROOVE SOUL FUNK BOOGIE LONDON PIRATE RADIO HORIZON JFM LWR 92.5 1980'S,https://www.youtube.com/watch?v=TH9lTEPYlhY,2545,funk,Unknown
PaOcGsO-IZw,RARE GROOVE SOUL FUNK BOOGIE LONDON PIRATE RADIO HORIZON JFM LWR 92.5 1980'S,https://www.youtube.com/watch?v=PaOcGsO-IZw,1455,funk,Unknown
fntePr0u7xM,Rare Groove & Old Skool (Neofunkyman's 4 of the Best) [Lyrics],https://www.youtube.com/watch?v=fntePr0u7xM,2171,funk,Unknown
WtdpbSZNwmQ,RARE GROOVE SOUL FUNK BOOGIE LONDON PIRATE RADIO HORIZON JFM LWR 92.5 1980'S,https://www.youtube.com/watch?v=WtdpbSZNwmQ,4555,funk,Unknown
IUxa6QKArt8,RARE GROOVE SOUL FUNK BOOGIE LONDON PIRATE RADIO HORIZON JFM LWR 92.5 1980'S,https://www.youtube.com/watch?v=IUxa6QKArt8,11228,funk,Unknown
uO-2pqFrWgs,RARE GROOVE SOUL FUNK BOOGIE LONDON PIRATE RADIO HORIZON JFM LWR 92.5 1980'S,https://www.youtube.com/watch?v=uO-2pqFrWgs,1093,funk,Unknown
tChKDV8xhTU,RARE GROOVE SOUL FUNK BOOGIE LONDON PIRATE RADIO HORIZON JFM LWR 92.5 1980'S,https://www.youtube.com/watch?v=tChKDV8xhTU,2324,funk,Unknown
qGN-YYPHg1g,RARE GROOVE SOUL FUNK BOOGIE LONDON PIRATE RADIO HORIZON JFM LWR 92.5 1980'S,https://www.youtube.com/watch?v=qGN-YYPHg1g,3856,funk,Unknown
DldAD-XaUXQ,FUNKY-DISCO- BOOGIE- DANCE - RARE GROOVE 80s #15Funk80  Mixed By Tony Liberati,https://www.youtube.com/watch?v=DldAD-XaUXQ,1433,disco,Unknown
WOyiP7fO5Hg,RARE GROOVE SOUL FUNK BOOGIE LONDON PIRATE RADIO HORIZON JFM LWR 92.5 1980'S,https://www.youtube.com/watch?v=WOyiP7fO5Hg,769,funk,Unknown
E_RnJU8Upvg,Ode to my Wife [Aliya] (Epic 80s Raregroove Mix),https://www.youtube.com/watch?v=E_RnJU8Upvg,462,unknown,Unknown
xqGeIrcBvRQ,RARE GROOVE SOUL FUNK BOOGIE LONDON PIRATE RADIO HORIZON JFM LWR 92.5 1980'S,https://www.youtube.com/watch?v=xqGeIrcBvRQ,2939,funk,Unknown
ktHNzL_a1mQ,RARE GROOVE SOUL FUNK BOOGIE LONDON PIRATE RADIO HORIZON JFM LWR 92.5 1980'S,https://www.youtube.com/watch?v=ktHNzL_a1mQ,1484,funk,Unknown
N8wRba_vVy4,RARE GROOVE SOUL FUNK BOOGIE LONDON PIRATE RADIO HORIZON JFM LWR 92.5 1980'S,https://www.youtube.com/watch?v=N8wRba_vVy4,1309,funk,Unknown
Y4E2AGHSuWs,RARE GROOVE SOUL FUNK BOOGIE LONDON PIRATE RADIO HORIZON JFM LWR 92.5 1980'S,https://www.youtube.com/watch?v=Y4E2AGHSuWs,1494,funk,Unknown
gSY5Zt-NRIo,RARE GROOVE SOUL FUNK BOOGIE LONDON PIRATE RADIO HORIZON JFM LWR 92.5 1980'S,https://www.youtube.com/watch?v=gSY5Zt-NRIo,10466,funk,Unknown
iLvG5Tkcslk,RARE GROOVE SOUL FUNK BOOGIE LONDON PIRATE RADIO HORIZON JFM LWR 92.5 1980'S,https://www.youtube.com/watch?v=iLvG5Tkcslk,3507,funk,Unknown
DIZ6XQWV8MU,RARE GROOVE SOUL FUNK BOOGIE LONDON PIRATE RADIO HORIZON JFM LWR 92.5 1980'S,https://www.youtube.com/watch?v=DIZ6XQWV8MU,1050,funk,Unknown
fCNgOJkDtzw,FUNKY-DISCO BOOGIE- DANCE- RARE GROOVE 80s #3Funk80  Mixed By Tony Liberati,https://www.youtube.com/watch?v=fCNgOJkDtzw,474,disco,Unknown
Rm3FMDI-o5U,RARE GROOVE SOUL FUNK BOOGIE LONDON PIRATE RADIO HORIZON JFM LWR 92.5 1980'S,https://www.youtube.com/watch?v=Rm3FMDI-o5U,932,funk,Unknown
ZtH2pWFQRAY,RARE GROOVE SOUL FUNK BOOGIE LONDON PIRATE RADIO HORIZON JFM LWR 92.5 1980'S,https://www.youtube.com/watch?v=ZtH2pWFQRAY,766,funk,Unknown
15d8a7Mt3TM,RARE GROOVE SOUL FUNK BOOGIE LONDON PIRATE RADIO HORIZON JFM LWR 92.5 1980'S,https://www.youtube.com/watch?v=15d8a7Mt3TM,2034,funk,Unknown
rU2SNdNkVDA,RARE GROOVE SOUL FUNK BOOGIE LONDON PIRATE RADIO HORIZON JFM LWR 92.5 1980'S,https://www.youtube.com/watch?v=rU2SNdNkVDA,1330,funk,Unknown
HIBOQhCzsog,RARE GROOVE SOUL FUNK BOOGIE LONDON PIRATE RADIO HORIZON JFM LWR 92.5 1980'S,https://www.youtube.com/watch?v=HIBOQhCzsog,3514,funk,Unknown
Jw60xZ3olxA,RARE GROOVE SOUL FUNK BOOGIE LONDON PIRATE RADIO HORIZON JFM LWR 92.5 1980'S,https://www.youtube.com/watch?v=Jw60xZ3olxA,6890,funk,Unknown
32RYu6IbYUA,RARE GROOVE SOUL FUNK BOOGIE LONDON PIRATE RADIO HORIZON JFM LWR 92.5 1980'S,https://www.youtube.com/watch?v=32RYu6IbYUA,2102,funk,Unknown
dYO8zlA7bbw,RARE GROOVE SOUL FUNK BOOGIE LONDON PIRATE RADIO HORIZON JFM LWR 92.5 1980'S,https://www.youtube.com/watch?v=dYO8zlA7bbw,1050,funk,Unknown
R5kcG7PAcOU,RARE GROOVE SOUL FUNK BOOGIE LONDON PIRATE RADIO HORIZON JFM LWR 92.5 1980'S,https://www.youtube.com/watch?v=R5kcG7PAcOU,6866,funk,Unknown
WAp_-lV0Qz0,RARE GROOVE SOUL FUNK BOOGIE LONDON PIRATE RADIO HORIZON JFM LWR 92.5 1980'S,https://www.youtube.com/watch?v=WAp_-lV0Qz0,1426,funk,Unknown
JxY0XWBOUZU,RARE GROOVE SOUL FUNK BOOGIE LONDON PIRATE RADIO HORIZON JFM LWR 92.5 1980'S,https://www.youtube.com/watch?v=JxY0XWBOUZU,2098,funk,Unknown
jVODSKSrZ1o,80s jazzfunk n rare groove classic CD and vynle live and direct,https://www.youtube.com/watch?v=jVODSKSrZ1o,42,funk,Unknown
EooPpHkJnTI,RARE GROOVE SOUL FUNK BOOGIE LONDON PIRATE RADIO HORIZON JFM LWR 92.5 1980'S,https://www.youtube.com/watch?v=EooPpHkJnTI,6585,funk,Unknown
SbV-ERWd8Qo,STREET SOUNDS FUNK SOUL BOOGIE RARE GROOVE LONDON PIRATE RADIO HORIZON SOLAR JFM LWR STREETSOUNDS,https://www.youtube.com/watch?v=SbV-ERWd8Qo,5452,funk,Unknown
jGmz8CqhV74,RARE GROOVE SOUL FUNK BOOGIE LONDON PIRATE RADIO HORIZON JFM LWR 92.5 1980'S,https://www.youtube.com/watch?v=jGmz8CqhV74,494,funk,Unknown
6807aMgS8uw,RARE GROOVE SOUL FUNK BOOGIE LONDON PIRATE RADIO HORIZON JFM LWR 92.5 1980'S,https://www.youtube.com/watch?v=6807aMgS8uw,6477,funk,Unknown
CkYl8fgd8rQ,RARE GROOVE SOUL FUNK BOOGIE LONDON PIRATE RADIO HORIZON JFM LWR 92.5 1980'S,https://www.youtube.com/watch?v=CkYl8fgd8rQ,633,funk,Unknown
10L0eoaX2ms,RARE GROOVE SOUL FUNK BOOGIE LONDON PIRATE RADIO HORIZON JFM LWR 92.5 1980'S,https://www.youtube.com/watch?v=10L0eoaX2ms,2666,funk,Unknown
KvBsCVj4Zug,RARE GROOVE SOUL FUNK BOOGIE LONDON PIRATE RADIO HORIZON JFM LWR 92.5 1980'S,https://www.youtube.com/watch?v=KvBsCVj4Zug,3122,funk,Unknown
_RQ0U6Sm-2U,SOUL FUNK BOOGIE LONDON PIRATE RADIO HORIZON JFM LWR 92.5 1980'S RARE GROOVE,https://www.youtube.com/watch?v=_RQ0U6Sm-2U,2432,funk,Unknown
UVhGR6QuGHY,3 MORE RARE GROOVE FUNK TUNES 70'S 80'S BOOGIE FILA ELLESSE,https://www.youtube.com/watch?v=UVhGR6QuGHY,39342,funk,Unknown
5LhCx1Txbl0,RARE GROOVE SOUL FUNK BOOGIE LONDON PIRATE RADIO HORIZON JFM LWR 92.5 1980'S,https://www.youtube.com/watch?v=5LhCx1Txbl0,2275,funk,Unknown
Jmh5cF_W3XU,SOUL FUNK BOOGIE LONDON PIRATE RADIO HORIZON JFM LWR 92.5 1980'S RARE GROOVE,https://www.youtube.com/watch?v=Jmh5cF_W3XU,1666,funk,Unknown
UNPsWSgZcb0,80s GROOVE (Anton Mix) Rare Groove,https://www.youtube.com/watch?v=UNPsWSgZcb0,1650,unknown,Unknown
Jxmg5aGGjl0,RARE GROOVE SOUL FUNK BOOGIE LONDON PIRATE RADIO HORIZON JFM LWR 92.5 1980'S,https://www.youtube.com/watch?v=Jxmg5aGGjl0,2469,funk,Unknown
PYMZuy_TiSE,RARE GROOVE SOUL FUNK BOOGIE LONDON PIRATE RADIO HORIZON JFM LWR 92.5 1980'S,https://www.youtube.com/watch?v=PYMZuy_TiSE,10924,funk,Unknown
UAx0kW8byuk,RARE GROOVE SOUL FUNK BOOGIE LONDON PIRATE RADIO HORIZON JFM LWR 92.5 1980'S,https://www.youtube.com/watch?v=UAx0kW8byuk,1316,funk,Unknown
_H34bP454gU,RARE GROOVE SOUL FUNK BOOGIE LONDON PIRATE RADIO HORIZON JFM LWR 92.5 1980'S,https://www.youtube.com/watch?v=_H34bP454gU,2181,funk,Unknown
tteHFKFD9Zg,RARE GROOVE SOUL FUNK BOOGIE LONDON PIRATE RADIO HORIZON JFM LWR 92.5 1980'S,https://www.youtube.com/watch?v=tteHFKFD9Zg,702,funk,Unknown
zWvciYnkXXY,RARE GROOVE SOUL FUNK BOOGIE LONDON PIRATE RADIO HORIZON JFM LWR 92.5 1980'S,https://www.youtube.com/watch?v=zWvciYnkXXY,3545,funk,Unknown
OU6PvIBHwRs,RARE GROOVE SOUL FUNK BOOGIE LONDON PIRATE RADIO HORIZON JFM LWR 92.5 1980'S,https://www.youtube.com/watch?v=OU6PvIBHwRs,2084,funk,Unknown
yQW-2p9qdBA,STREET SOUNDS FUNK SOUL BOOGIE RARE GROOVE LONDON PIRATE RADIO HORIZON SOLAR JFM LWR STREETSOUNDS,https://www.youtube.com/watch?v=yQW-2p9qdBA,4997,funk,Unknown
KwMZ1n62r38,SOUL FUNK BOOGIE LONDON PIRATE RADIO HORIZON JFM LWR 92.5 1980'S RARE GROOVE,https://www.youtube.com/watch?v=KwMZ1n62r38,2379,funk,Unknown
SPuL337TZ1s,RARE GROOVE SOUL FUNK BOOGIE LONDON PIRATE RADIO HORIZON JFM LWR 92.5 1980'S,https://www.youtube.com/watch?v=SPuL337TZ1s,1487,funk,Unknown
viuzNxRx0j8,SOUL FUNK BOOGIE LONDON PIRATE RADIO HORIZON JFM LWR 92.5 1980'S RARE GROOVE,https://www.youtube.com/watch?v=viuzNxRx0j8,2775,funk,Unknown
cPHYVSRUYCg,RARE GROOVE SOUL FUNK BOOGIE LONDON PIRATE RADIO HORIZON JFM LWR 92.5 1980'S,https://www.youtube.com/watch?v=cPHYVSRUYCg,1338,funk,Unknown
Ap1WkoDn_Ac,RARE GROOVE SOUL FUNK BOOGIE LONDON PIRATE RADIO HORIZON JFM LWR 92.5 1980'S,https://www.youtube.com/watch?v=Ap1WkoDn_Ac,512,funk,Unknown
CKeI8h8O_8g,SOUL FUNK BOOGIE LONDON PIRATE RADIO HORIZON JFM LWR 92.5 1980'S RARE GROOVE,https://www.youtube.com/watch?v=CKeI8h8O_8g,3566,funk,Unknown
EOPa4NKdAc0,RARE GROOVE SOUL FUNK BOOGIE LONDON PIRATE RADIO HORIZON JFM LWR 92.5 1980'S,https://www.youtube.com/watch?v=EOPa4NKdAc0,980,funk,Unknown
jvcYMv79Y_g,RARE GROOVE SOUL FUNK BOOGIE LONDON PIRATE RADIO HORIZON JFM LWR 92.5 1980'S,https://www.youtube.com/watch?v=jvcYMv79Y_g,1567,funk,Unknown
yjwRs6cJ7Yo,SOUL FUNK BOOGIE LONDON PIRATE RADIO HORIZON JFM LWR 92.5 1980'S RARE GROOVE,https://www.youtube.com/watch?v=yjwRs6cJ7Yo,1818,funk,Unknown
MPg3OeBoUnM,SLOW JAM VOL 2 STREET SOUNDS FUNK SOUL BOOGIE RARE GROOVE LONDON PIRATE RADIO HORIZON,https://www.youtube.com/watch?v=MPg3OeBoUnM,8135,funk,Unknown
bk0680Fggak,RARE GROOVE SOUL FUNK BOOGIE LONDON PIRATE RADIO HORIZON JFM LWR 92.5 1980'S,https://www.youtube.com/watch?v=bk0680Fggak,2665,funk,Unknown
tqI80iyFYvQ,SOUL FUNK BOOGIE LONDON PIRATE RADIO HORIZON JFM LWR 92.5 1980'S RARE GROOVE,https://www.youtube.com/watch?v=tqI80iyFYvQ,1515,funk,Unknown
7Sey-nDmMZs,RARE GROOVE SOUL FUNK BOOGIE LONDON PIRATE RADIO HORIZON JFM LWR 92.5 1980'S,https://www.youtube.com/watch?v=7Sey-nDmMZs,4127,funk,Unknown
d_SPtOuqLpw,SOUL FUNK BOOGIE LONDON PIRATE RADIO HORIZON JFM LWR 92.5 1980'S RARE GROOVE,https://www.youtube.com/watch?v=d_SPtOuqLpw,1823,funk,Unknown
7QzEQdm9gvo,SOUL FUNK BOOGIE LONDON PIRATE RADIO HORIZON JFM LWR 92.5 1980'S RARE GROOVE,https://www.youtube.com/watch?v=7QzEQdm9gvo,8207,funk,Unknown
_Jdmh2_5Bb4,RARE GROOVE SOUL FUNK BOOGIE LONDON PIRATE RADIO HORIZON JFM LWR 92.5 1980'S,https://www.youtube.com/watch?v=_Jdmh2_5Bb4,1937,funk,Unknown
-eR1Ei1Kb5c,RARE GROOVE SOUL FUNK BOOGIE LONDON PIRATE RADIO HORIZON JFM LWR 92.5 1980'S,https://www.youtube.com/watch?v=-eR1Ei1Kb5c,2266,funk,Unknown
XQIKvDPh1fY,SOUL FUNK BOOGIE LONDON PIRATE RADIO HORIZON JFM LWR 92.5 1980'S RARE GROOVE,https://www.youtube.com/watch?v=XQIKvDPh1fY,2779,funk,Unknown
ku_jtGiDMPw,RARE GROOVE SOUL FUNK BOOGIE LONDON PIRATE RADIO HORIZON JFM LWR 92.5 1980'S,https://www.youtube.com/watch?v=ku_jtGiDMPw,3387,funk,Unknown
iWMKNOCjIsY,SOUL FUNK BOOGIE LONDON PIRATE RADIO HORIZON JFM LWR 92.5 1980'S RARE GROOVE,https://www.youtube.com/watch?v=iWMKNOCjIsY,1411,funk,Unknown
46vwNp1Pa1Y,Vinyl Set 73 FUNKY DISCO BOOGIE RARE GROOVE 80s FULL VINYL Mixed By Tony Liberati,https://www.youtube.com/watch?v=46vwNp1Pa1Y,413,funk,Unknown
d9g359Dld5U,"Zeus lost charger, 80's rare groove #polyendtracker",https://www.youtube.com/watch?v=d9g359Dld5U,188,unknown,Unknown
CY3COgztlBo,RARE GROOVE SOUL FUNK BOOGIE LONDON PIRATE RADIO HORIZON JFM LWR 92.5 1980'S,https://www.youtube.com/watch?v=CY3COgztlBo,1186,funk,Unknown
d-RZFvSPfWg,RARE GROOVE SOUL FUNK BOOGIE LONDON PIRATE RADIO HORIZON JFM LWR 92.5 1980'S,https://www.youtube.com/watch?v=d-RZFvSPfWg,7812,funk,Unknown
t_m15Onmnis,R&B SOUL FUNK BOOGIE LONDON PIRATE RADIO HORIZON JFM LWR 92.5 1980'S RARE GROOVE,https://www.youtube.com/watch?v=t_m15Onmnis,1703,funk,Unknown
21yzohQymy0,Rare Groove Funk Orchestra 'Blue Juice',https://www.youtube.com/watch?v=21yzohQymy0,4449,funk,Unknown
xDvk_wvXj3g,RARE GROOVE SOUL FUNK BOOGIE LONDON PIRATE RADIO HORIZON JFM LWR 92.5 1980'S,https://www.youtube.com/watch?v=xDvk_wvXj3g,3072,funk,Unknown
4b_w5ghAVX4,RARE GROOVE SOUL FUNK BOOGIE LONDON PIRATE RADIO HORIZON JFM LWR 92.5 1980'S,https://www.youtube.com/watch?v=4b_w5ghAVX4,3883,funk,Unknown
gTTYuP_akX8,RARE GROOVE SOUL FUNK BOOGIE LONDON PIRATE RADIO HORIZON JFM LWR 92.5 1980'S,https://www.youtube.com/watch?v=gTTYuP_akX8,1119,funk,Unknown
YZWdrkHlr34,STREET SOUNDS FUNK SOUL BOOGIE RARE GROOVE LONDON PIRATE RADIO HORIZON SOLAR JFM LWR STREETSOUNDS,https://www.youtube.com/watch?v=YZWdrkHlr34,10432,funk,Unknown
XEA4VmUTCEc,RARE GROOVE SOUL FUNK BOOGIE LONDON PIRATE RADIO HORIZON JFM LWR 92.5 1980'S,https://www.youtube.com/watch?v=XEA4VmUTCEc,1679,funk,Unknown
RH0nHpCucyQ,STREET SOUNDS  FUNK SOUL BOOGIE RARE GROOVE LONDON PIRATE RADIO HORIZON SOLAR JFM LWR STREETSOUNDS,https://www.youtube.com/watch?v=RH0nHpCucyQ,7567,funk,Unknown
4ZkkfBwDVVs,BRITISH JAZZ FUNK LONDON PIRATE RADIO HORIZON JFM LWR 92.5 1980'S SOUL PIRATE BOOGIE RARE GROOVE,https://www.youtube.com/watch?v=4ZkkfBwDVVs,26429,funk,Unknown
V9xxIjuPrr8,RARE GROOVE SOUL FUNK BOOGIE LONDON PIRATE RADIO HORIZON JFM LWR 92.5 1980'S,https://www.youtube.com/watch?v=V9xxIjuPrr8,3071,funk,Unknown
1-J--oiL4Rg,"GROOVE QUEEN - Late Night Funk 83 - Funk Frequency (Funk Soul, 1980s Soul Groove, Funk, R&B)",https://www.youtube.com/watch?v=1-J--oiL4Rg,12034,soul,Unknown
UQRtxpS2pz4,"Players - ""After Hours"" | Super Rare Groove...!  | UK Jazz/Funk 1981",https://www.youtube.com/watch?v=UQRtxpS2pz4,70,funk,Unknown
cjSmMOLgQQo,RARE GROOVE SOUL FUNK BOOGIE LONDON PIRATE RADIO HORIZON JFM LWR 92.5 1980'S,https://www.youtube.com/watch?v=cjSmMOLgQQo,1256,funk,Unknown
I0BaUY_PwTw,RARE GROOVE SOUL FUNK BOOGIE LONDON PIRATE RADIO HORIZON JFM LWR 92.5 1980'S,https://www.youtube.com/watch?v=I0BaUY_PwTw,1766,funk,Unknown
z96cGwe0umo,RARE GROOVE SOUL FUNK BOOGIE LONDON PIRATE RADIO HORIZON JFM LWR 92.5 1980'S,https://www.youtube.com/watch?v=z96cGwe0umo,1028,funk,Unknown
0168wd10QJ0,RARE GROOVE SOUL FUNK BOOGIE LONDON PIRATE RADIO HORIZON JFM LWR 92.5 1980'S,https://www.youtube.com/watch?v=0168wd10QJ0,906,funk,Unknown
yFQjd83DKbQ,RARE GROOVE SOUL FUNK BOOGIE LONDON PIRATE RADIO HORIZON JFM LWR 92.5 1980'S,https://www.youtube.com/watch?v=yFQjd83DKbQ,2809,funk,Unknown
9BW8KIJhKZY,SOUL FUNK BOOGIE LONDON PIRATE RADIO HORIZON JFM LWR 92.5 1980'S RARE GROOVE,https://www.youtube.com/watch?v=9BW8KIJhKZY,1793,funk,Unknown
KIbl4N5GClM,STREET SOUNDS FUNK SOUL BOOGIE RARE GROOVE LONDON PIRATE RADIO HORIZON SOLAR JFM LWR STREETSOUNDS,https://www.youtube.com/watch?v=KIbl4N5GClM,13424,funk,Unknown
mn5ZsS6hBuI,RARE GROOVE SOUL FUNK BOOGIE LONDON PIRATE RADIO HORIZON JFM LWR 92.5 1980'S,https://www.youtube.com/watch?v=mn5ZsS6hBuI,3985,funk,Unknown
5baYdnb5f0Y,RARE GROOVE SOUL FUNK BOOGIE LONDON PIRATE RADIO HORIZON JFM LWR 92.5 1980'S,https://www.youtube.com/watch?v=5baYdnb5f0Y,3855,funk,Unknown
GDc1iO7Tre8,RARE GROOVE SOUL FUNK BOOGIE LONDON PIRATE RADIO HORIZON JFM LWR 92.5 1980'S,https://www.youtube.com/watch?v=GDc1iO7Tre8,1483,funk,Unknown
K13ANDFcu0w,"RISE WITH ME - Funk Frequency (Funk Soul, 1980's Soul Groove, Funk)",https://www.youtube.com/watch?v=K13ANDFcu0w,9832,soul,Unknown
gWGPx3w5CUc,STREET SOUNDS FUNK SOUL BOOGIE RARE GROOVE LONDON PIRATE RADIO HORIZON SOLAR JFM LWR STREETSOUNDS,https://www.youtube.com/watch?v=gWGPx3w5CUc,16287,funk,Unknown
8fX1gkw52iM,SOUL FUNK BOOGIE LONDON PIRATE RADIO HORIZON JFM LWR 92.5 1980'S RARE GROOVE,https://www.youtube.com/watch?v=8fX1gkw52iM,3400,funk,Unknown
glQy6W_8Nts,RARE GROOVE SOUL FUNK BOOGIE LONDON PIRATE RADIO HORIZON JFM LWR 92.5 1980'S,https://www.youtube.com/watch?v=glQy6W_8Nts,5481,funk,Unknown
9NDm4vTkt2c,RARE GROOVE SOUL FUNK BOOGIE LONDON PIRATE RADIO HORIZON JFM LWR 92.5 1980'S,https://www.youtube.com/watch?v=9NDm4vTkt2c,4881,funk,Unknown
NGOxeqXrxP8,STREET SOUNDS FUNK SOUL BOOGIE RARE GROOVE LONDON PIRATE RADIO HORIZON SOLAR JFM LWR STREETSOUNDS,https://www.youtube.com/watch?v=NGOxeqXrxP8,1696,funk,Unknown
xUUfT0B8PFI,STREET SOUNDS FUNK SOUL BOOGIE RARE GROOVE LONDON PIRATE RADIO HORIZON SOLAR JFM LWR STREETSOUNDS,https://www.youtube.com/watch?v=xUUfT0B8PFI,2304,funk,Unknown
cWRJqGbRzro,SOUL FUNK BOOGIE LONDON PIRATE RADIO HORIZON JFM LWR 92.5 1980'S SOUL PIRATE FUNK BOOGIE RARE GROOVE,https://www.youtube.com/watch?v=cWRJqGbRzro,8136,funk,Unknown
Uq5okGPbxok,RARE GROOVE SOUL FUNK BOOGIE LONDON PIRATE RADIO HORIZON JFM LWR 92.5 1980'S,https://www.youtube.com/watch?v=Uq5okGPbxok,2151,funk,Unknown
C5M1no-9aWU,SOUL FUNK BOOGIE LONDON PIRATE RADIO HORIZON JFM LWR 92.5 1980'S RARE GROOVE,https://www.youtube.com/watch?v=C5M1no-9aWU,2379,funk,Unknown
51XgEzX_85I,RARE GROOVE SOUL FUNK BOOGIE LONDON PIRATE RADIO HORIZON JFM LWR 92.5 1980'S,https://www.youtube.com/watch?v=51XgEzX_85I,3593,funk,Unknown
YBNTd6IhiVQ,RARE GROOVE SOUL FUNK BOOGIE LONDON PIRATE RADIO HORIZON JFM LWR 92.5 1980'S,https://www.youtube.com/watch?v=YBNTd6IhiVQ,935,funk,Unknown
Nm9d6ayo66Y,STREET SOUNDS FUNK SOUL BOOGIE RARE GROOVE LONDON PIRATE RADIO HORIZON SOLAR JFM LWR STREETSOUNDS,https://www.youtube.com/watch?v=Nm9d6ayo66Y,12015,funk,Unknown
Tjb5yN1d9zQ,Gafil Gezme Şaşkın  - Psychedelic Anatolian Rock | 1970s Anatolian Soul,https://www.youtube.com/watch?v=Tjb5yN1d9zQ,1977,rock,Unknown
9yB9e04DLhY,Go Underground,https://www.youtube.com/watch?v=9yB9e04DLhY,28004,unknown,Unknown
q7ClWF8nZPA,"Houston Person-""Underground Soul""",https://www.youtube.com/watch?v=q7ClWF8nZPA,9380,soul,Unknown
izqTAoHYsMs,The Unity Groove - Starfield Underground Music - 70's Funk / Soul,https://www.youtube.com/watch?v=izqTAoHYsMs,49,soul,Unknown
rU-0zJfk7q4,"[Chop & Flip #003] 1970s Japan ""Bittersweet"" R&B-Soul // MPC Underground Boom Bap",https://www.youtube.com/watch?v=rU-0zJfk7q4,22,soul,Unknown
STUxWkRD2u8,"[Chop & Flip #002] 1970s Lebanon ""Beirut"" Studio Soul // MPC Underground Boom Bap",https://www.youtube.com/watch?v=STUxWkRD2u8,38,soul,Unknown
A_exgaublGY,Salome Bey - Underground Railroad Station (Arthur Schaller),https://www.youtube.com/watch?v=A_exgaublGY,142,unknown,Unknown
6zCwK8me7VI,The Showcasemen - Memphis Underground [1970s Jazz Rock Lounge],https://www.youtube.com/watch?v=6zCwK8me7VI,929,jazz,Unknown
33pn-fHhVfE,Guitarist Reaction- Esther Phillips: Tangle In Your Lifeline: Underground Exploration of 70's Soul,https://www.youtube.com/watch?v=33pn-fHhVfE,37,soul,Unknown
gZefXg2e58E,STREETS OF ECHO ( UNDERGROUND),https://www.youtube.com/watch?v=gZefXg2e58E,1127,unknown,Unknown
h0DfHS7UwJc,Underground (2019 Remaster),https://www.youtube.com/watch?v=h0DfHS7UwJc,7919,unknown,Unknown
9-MM6ti9Lvo,"(FREE) SOUL SAMPLE PACK - ""Echoes Of Soul Vol. 3"" | 70s, 80s, 90s Soul Loop Kit [STEMS INCLUDED]",https://www.youtube.com/watch?v=9-MM6ti9Lvo,12781,soul,Unknown
08_7V-NqIqc,"CURTIS MAYFIELD -""Underground""   FUNK/SOUL   ファンク/ソウル(vinyl record)",https://www.youtube.com/watch?v=08_7V-NqIqc,80,soul,Unknown
WPO3ulPL2nw,Funk Underground - AI Music to play with Starfield - 70's Funk Soul,https://www.youtube.com/watch?v=WPO3ulPL2nw,106,soul,Unknown
6_L3-NxgXR0,Glenn Underground Feat. Jackie Green - Moving (70's Vibe Mix),https://www.youtube.com/watch?v=6_L3-NxgXR0,8002,unknown,Unknown
6ZJMricErwE,The Spirit Of Atlanta - Down Underground ℗ 1973,https://www.youtube.com/watch?v=6ZJMricErwE,1039,unknown,Unknown
SDCeO2jYORA,CURTIS MAYFIELD  Underground,https://www.youtube.com/watch?v=SDCeO2jYORA,13105,funk,Unknown
B_msyMjnbZo,Rani Mera Hena ou Merra Lhih – 1970s Jazz Soul,https://www.youtube.com/watch?v=B_msyMjnbZo,959,soul,Unknown
126LUmAOsKQ,Soul Underground Soul,https://www.youtube.com/watch?v=126LUmAOsKQ,93,soul,Unknown
tUY82-slruw,Glenn Underground - GU's 70's Trip,https://www.youtube.com/watch?v=tUY82-slruw,2371,unknown,Unknown
HEG_DGsQ_Aw,LIGHT OF DARKNESS -  SOUL  FRANCISCO -  SCOTTISH / GERMAN UNDERGROUND  - 1971,https://www.youtube.com/watch?v=HEG_DGsQ_Aw,114,soul,Unknown
5R5s25znwhc,Latin Soul Brothas | Afroricaness (Glenn Underground's Black Dynamite Rerub),https://www.youtube.com/watch?v=5R5s25znwhc,1026,soul,Unknown
dwMbHEGnwKo,CINDERELLA -  CARLT -  DANISH UNDERGROUND  - 1970,https://www.youtube.com/watch?v=dwMbHEGnwKo,104,unknown,Unknown
Va2HKeKCa6o,RARE EARTH  -  BIG JOHN IS MY NAME -  U. S.  UNDERGROUND  - 1973,https://www.youtube.com/watch?v=Va2HKeKCa6o,262,unknown,Unknown
kEwomtPRUtg,STRAY -  YESTERDAY PROMISE -  U .K.  UNDERGROUND  - 1970,https://www.youtube.com/watch?v=kEwomtPRUtg,304,unknown,Unknown
0Svk5bhFo28,Underground Soul Club Promo,https://www.youtube.com/watch?v=0Svk5bhFo28,170,soul,Unknown
yx1L96YQah8,HAWKWIND -  HURRY ON SUNDWOWN  - U. K.  UNDERGROUND  - 1970,https://www.youtube.com/watch?v=yx1L96YQah8,186,unknown,Unknown
hi-uH8cCCgw,New York Underground Funk Band - Strugglin - The Preservation Project PP001 2016,https://www.youtube.com/watch?v=hi-uH8cCCgw,3518,funk,Unknown
gi4Syx4aTMQ,SAMURAI -  MANDALAY  - JAPANESE   UNDERGROUND -  1970,https://www.youtube.com/watch?v=gi4Syx4aTMQ,371,unknown,Unknown
KxTmmuD9IvY,TRAPEZE  -  MEDUSA -  U. K.  UNDERGROUND  - 1970,https://www.youtube.com/watch?v=KxTmmuD9IvY,142,unknown,Unknown
DiQ6Vonqzwo,"THE UNDERGROUND SUNSHINE | DON'T SHUT ME OUT | TAKE ME, BREAK ME | 1969 BUBBLEGUM PSYCH ROCK | 4K",https://www.youtube.com/watch?v=DiQ6Vonqzwo,45,rock,Unknown
V-WBJ8I1gPQ,East Of Underground - Smiling Faces,https://www.youtube.com/watch?v=V-WBJ8I1gPQ,1387,unknown,Unknown
_b0E5F_J-Wg,"La música ""underground"" de los 60s y 70s",https://www.youtube.com/watch?v=_b0E5F_J-Wg,233,unknown,Unknown
W4Lzw1ZiLXw,Soul Underground memories,https://www.youtube.com/watch?v=W4Lzw1ZiLXw,370,soul,Unknown
rBwohQ_rpEE,Guitarist Reaction- Leo Oskar: Haunted House- Exploration of Underground Soul In the 70's: Rare Gem!,https://www.youtube.com/watch?v=rBwohQ_rpEE,105,soul,Unknown
tbgzF3Teuas,ABSTRACT TRUTH -  COMING HOME BABY -  SOUTH AFRICA UNDERGROUND -  1970,https://www.youtube.com/watch?v=tbgzF3Teuas,78,unknown,Unknown
WQokWvFjFOg,"""Soul Vibes"" Underground Boom Bap Type Beat | Old School Hip Hop Instrumental | Beats zum Rappen",https://www.youtube.com/watch?v=WQokWvFjFOg,157,hiphop,Unknown
CpZXO3QfFMU,THE RARE EARTH  - (I KNOW ) I'M LOSING YOU   -  U. S.  UNDERGROUND  - 1970,https://www.youtube.com/watch?v=CpZXO3QfFMU,120,unknown,Unknown
2OubtMLqF3w,𝐻𝑒𝑝𝑡𝑜𝑛𝑒𝑠 & 𝑆𝑜𝑢𝑛𝑑 𝐷𝑖𝑚𝑒𝑛𝑡𝑖𝑜𝑛 - 𝑀𝑒𝑠𝑠𝑎𝑔𝑒 𝑓𝑟𝑜𝑚 𝑎 𝑏𝑙𝑎𝑐𝑘 𝑚𝑎𝑛 + 𝐽𝑎𝑚𝑎𝑖𝑐𝑎 𝑢𝑛𝑑𝑒𝑟𝑔𝑟𝑜𝑢𝑛𝑑,https://www.youtube.com/watch?v=2OubtMLqF3w,52,unknown,Unknown
A4HGrX7dBR8,Underground Sermon,https://www.youtube.com/watch?v=A4HGrX7dBR8,39,jazz,Unknown
1e3JSP9O0m4,LIQUID SMOKE -  LET ME DOWN EASY /  HARD TO HANDLE  - U. S . UNDERGROUND  - 1969,https://www.youtube.com/watch?v=1e3JSP9O0m4,393,unknown,Unknown
F7WLvgNt5Dc,AC Soul Symphony - Soul Underground,https://www.youtube.com/watch?v=F7WLvgNt5Dc,13101,soul,Unknown
v6zz5_ssrUg,The Velvet Underground - Beginning To See The Light,https://www.youtube.com/watch?v=v6zz5_ssrUg,11,unknown,Unknown
sW3LYP5pp30,Cartouche - Feel The Groove (Underground Remix)(1990),https://www.youtube.com/watch?v=sW3LYP5pp30,17,unknown,Unknown
qmivA1KMjhQ,New Soul Underground   Big Duke    a,https://www.youtube.com/watch?v=qmivA1KMjhQ,1046,soul,Unknown
HCulr851iWs,C. C. S. -   WHOLE LOTTA LOVE / WAITING SONG - U.K.  UNDERGROUND -  1970,https://www.youtube.com/watch?v=HCulr851iWs,334,unknown,Unknown
6HPwnRnijgM,ACCOLADE - NATURE BOY - U.K. UNDERGROUND - 1970,https://www.youtube.com/watch?v=6HPwnRnijgM,153,unknown,Unknown
VJrK5R_ELxs,deep soul underground,https://www.youtube.com/watch?v=VJrK5R_ELxs,112,soul,Unknown
g7Jo3FN-2y4,PETER BARDENS  -  DON'T GOOF WITH THE SPOOK -  U. K.  UNDERGROUND   1970,https://www.youtube.com/watch?v=g7Jo3FN-2y4,152,unknown,Unknown
_-7YQXktAOo,EDGAR BROUGHTON BAND -  PSYCHOPATH  -  U .K.  UNDERGROUND  - 1970,https://www.youtube.com/watch?v=_-7YQXktAOo,174,unknown,Unknown
Cl6KTgxFUSs,FAMILY UNDERGROUND - I Don't Know Why - 197?(2006 HOLLYGROVE Records),https://www.youtube.com/watch?v=Cl6KTgxFUSs,51,unknown,Unknown
RhODWtLRtVw,AGGROSLANG - Aggressive 70s underground (Beat),https://www.youtube.com/watch?v=RhODWtLRtVw,120,unknown,Unknown
W_4SGazYaE0,"Underground Sunshine - Birthday (Single, Vinyl, 7 Inch, 45 RPM, Germany)",https://www.youtube.com/watch?v=W_4SGazYaE0,74,unknown,Unknown
qj9bCKGf6dM,EDGAR BROUGHTON BAND -  WHAT IS A WOMAN FOR -  U. K.  UNDERGROUND - 1971,https://www.youtube.com/watch?v=qj9bCKGf6dM,225,unknown,Unknown
S7iXc7Y9ebc,THE GHOST -  TIME IS MY ENEMY -  U. K.  UNDERGROUND  -  1970,https://www.youtube.com/watch?v=S7iXc7Y9ebc,116,unknown,Unknown
ggJ6VodlYJg,STONE THE CROWS  - LOVE '74 -  U. K.  UNDERGROUND - 1970,https://www.youtube.com/watch?v=ggJ6VodlYJg,191,unknown,Unknown
F3TyeQyW6N8,THE WIZARDS FROM KANSAS  - HIGH FLYING BIRD -  U. S.  UNDERGROUND - 1970,https://www.youtube.com/watch?v=F3TyeQyW6N8,222,unknown,Unknown
qVOZKlGUN3w,Curtis Mayfield – Underground (Demo Version) (Slowed Down),https://www.youtube.com/watch?v=qVOZKlGUN3w,405,unknown,Unknown
GTb_yr5ueu4,Curtis Mayfield - Underground ( Buddah ).,https://www.youtube.com/watch?v=GTb_yr5ueu4,70,unknown,Unknown
Uc0-A6R-XLY,"ROOTZ UNDERGROUND ""Soul Shakedown Party"" - acoustic @ the MoBoogie Loft",https://www.youtube.com/watch?v=Uc0-A6R-XLY,28385,soul,Unknown
4KwKAeKmZHk,RED DIRT -  MEMORIES  /  DEATH LETTER -   U. K.  UNDERGROUND -  1970,https://www.youtube.com/watch?v=4KwKAeKmZHk,108,unknown,Unknown
oDP2UjITXe0,Soviet Hippies & 70s Psychedelic Underground,https://www.youtube.com/watch?v=oDP2UjITXe0,1237,rock,Unknown
V6QTITj_NnI,PETER BARDENS -  HOMAGE TO THE GOD OF THE LIGHT -  U. K.  UNDERGROUND - 1970,https://www.youtube.com/watch?v=V6QTITj_NnI,437,unknown,Unknown
E33Rezdstw0,PALADIN - BAD TIMES / FILL UP YOUR HEART - U.K. UNDERGROUND - 1971,https://www.youtube.com/watch?v=E33Rezdstw0,139,unknown,Unknown
wMpDotPlwpI,"Backbeat Underground - ""Sugaree"" | Color Red Music",https://www.youtube.com/watch?v=wMpDotPlwpI,447,unknown,Unknown
aT4wAFtYXN8,KENNELMUS  - MOTHER OF MY CHILDREN /DANCING  DORIS  - U. S.  UNDERGROUND  - 1970,https://www.youtube.com/watch?v=aT4wAFtYXN8,70,unknown,Unknown
aLwevuUc5Qo,EAST OF EDEN -   GUM ARABIC -  U. K.  UNDERGROUND  - 1970,https://www.youtube.com/watch?v=aLwevuUc5Qo,85,unknown,Unknown
50QeHFE9yAY,MONUMENT -  GIVE ME LIFE  -  U.K. UNDERGROUND -1971,https://www.youtube.com/watch?v=50QeHFE9yAY,87,unknown,Unknown
ow0WRasKVII,THE UNDERGROUND SET-The Underground Set-07-Underground In Blue-{1970},https://www.youtube.com/watch?v=ow0WRasKVII,290,unknown,Unknown
Gd4pd34Co1w,Guitarist Reaction- Womack & Womack: Love Wars- Exploration into Underground Soul of the 70's,https://www.youtube.com/watch?v=Gd4pd34Co1w,38,soul,Unknown
I6Yi4cdp0IA,QUICKSILVER MESSENGER SERVICE -  COBRA/  FREEWAY FLYER -  U. S.  UNDERGROUND  - 1970,https://www.youtube.com/watch?v=I6Yi4cdp0IA,193,unknown,Unknown
tPDuu76wlj4,BEAD GAME   -  SLIPPING  -  U. S.  UNDERGROUND  - 1970,https://www.youtube.com/watch?v=tPDuu76wlj4,51,unknown,Unknown
pW5E9a0Syhk,CRESSIDA -   THE ONLY EARTHMAN IN TOWN/ SUMMER OF '69   - U. K.  UNDERGROUND -  1970,https://www.youtube.com/watch?v=pW5E9a0Syhk,132,unknown,Unknown
zufxajdi2To,GLASS HARP -  CHILDREN'S FANTASY -  U. S.  UNDERGROUND  - 1970,https://www.youtube.com/watch?v=zufxajdi2To,125,unknown,Unknown
VKrcH9LL-XU,MIKE SOFTLEY    - TIME MACHINE -  U. K.  UNDERGROUND - 1970,https://www.youtube.com/watch?v=VKrcH9LL-XU,196,unknown,Unknown
8HYD4pVzxNI,Cafe Soul Feb 2013 - The Underground,https://www.youtube.com/watch?v=8HYD4pVzxNI,165,soul,Unknown
nfSsmSgvC4I,THE WIZARDS FROM KANSAS  -  SHE RIDES WITH WITCHES / CODINE -   U. S.  UNDERGROUND -  1970,https://www.youtube.com/watch?v=nfSsmSgvC4I,109,unknown,Unknown
xZCxTEvM4zg,THE GREATEST SHOW ON EARTH  -   LOVE MAGNET  -  U .K.  UNDERGROUND -  1970,https://www.youtube.com/watch?v=xZCxTEvM4zg,76,unknown,Unknown
bnt4GRsWY6Q,Rhino High Fidelity Is Doing 1970: Velvet Underground Loaded & The Stooges Fun House,https://www.youtube.com/watch?v=bnt4GRsWY6Q,4415,unknown,Unknown
cVDN5jxHeU8,HAIR  - DREAM SONG - DANISH UNDERGROUND - 1970,https://www.youtube.com/watch?v=cVDN5jxHeU8,90,unknown,Unknown
2pryw6dyLao,base boom bap 70s instrumental rap uso libre underground 🌓,https://www.youtube.com/watch?v=2pryw6dyLao,148,hiphop,Unknown
PBIYjiOQqXk,WISHBONE ASH -  HANDY -  U.K.  UNDERGROUND  - 1970,https://www.youtube.com/watch?v=PBIYjiOQqXk,141,unknown,Unknown
iObo53DZX9U,The Velvet Underground - Sweet Jane,https://www.youtube.com/watch?v=iObo53DZX9U,64,unknown,Unknown
N2mWJv8wfH8,TWINK -  SUICIDE  -  U. K.  UNDERGROUND  - 1970,https://www.youtube.com/watch?v=N2mWJv8wfH8,199,unknown,Unknown
z3twlrxBjxQ,Rootz Underground - Soul Shakedown Party (Bob Marley),https://www.youtube.com/watch?v=z3twlrxBjxQ,7118,soul,Unknown
JInn_bmMJaQ,Calender - Monster - 70's Funk Disco Rare Groove,https://www.youtube.com/watch?v=JInn_bmMJaQ,995,funk,Unknown
oVN1kcH-WF0,Wade Bros. Cro-Shade Sounds - Pleasure Seekers [Vanessa] Rare Funk 45,https://www.youtube.com/watch?v=oVN1kcH-WF0,2688,funk,Unknown
AF4dGRVd-Z0,Space - The Shark Hop (French Funk - 1976),https://www.youtube.com/watch?v=AF4dGRVd-Z0,1115,funk,Unknown
TrAkIcC3b4o,70s Funk,https://www.youtube.com/watch?v=TrAkIcC3b4o,305,funk,Unknown
84OvNjfCE5o,Norman Connors - Once I've Been There (1977) disco funk soul gem Prince Phillip Mitchell Gary Bartz,https://www.youtube.com/watch?v=84OvNjfCE5o,802,soul,Unknown
46TgWL0l5LA,70's Deep Funk Disco Classic Special mix,https://www.youtube.com/watch?v=46TgWL0l5LA,877,funk,Unknown
79kIssc5kpo,Rare Groove & G-Funk 70s #Serie #Episode #2,https://www.youtube.com/watch?v=79kIssc5kpo,13444,soul,Unknown
oicZ3fv_Fg8,Rare Soul Disco Funk 12 Lisa Warrington – I Like The Way You Do It,https://www.youtube.com/watch?v=oicZ3fv_Fg8,908,soul,Unknown
7iFxVsQQzV8,"6 Timeless 70s Funk & Soul Tracks That Still Groove | Stay Funky, 70s Style! [Playlist]",https://www.youtube.com/watch?v=7iFxVsQQzV8,1402,soul,Unknown
_JHUXckr28A,USE DOPE FUNK 70s,https://www.youtube.com/watch?v=_JHUXckr28A,5028,soul,Unknown
Q0-7F1bskm4,Funk-O-Nots - Ohio Players - 1978,https://www.youtube.com/watch?v=Q0-7F1bskm4,464,soul,Unknown
I1ZqoZsSx9I,USE FUNK 70s,https://www.youtube.com/watch?v=I1ZqoZsSx9I,3874,soul,Unknown
v1vrFi74TPI,GENERATIONS SOUL FUNK 70s,https://www.youtube.com/watch?v=v1vrFi74TPI,2236,soul,Unknown
jIysV6ethl0,GENERATIONS SOUL FUNK 70s,https://www.youtube.com/watch?v=jIysV6ethl0,2120,soul,Unknown
IDws9ltejR4,"TORTILLA FACTORY - Shamtime , 70s , Latin ,  Funk , Groove , Jazz",https://www.youtube.com/watch?v=IDws9ltejR4,11012,funk,Unknown
zx7PZGe6WmM,"The Gangsters (US, 1972 -1973) [Full LP] {Jazz-Funk, Soul-Jazz} ★★TOTALLY UNKNOWN PIECE OF BEAUTY!★★",https://www.youtube.com/watch?v=zx7PZGe6WmM,36295,soul,Unknown
ynKzwJVbmqo,GENERATIONS SOUL FUNK 70s,https://www.youtube.com/watch?v=ynKzwJVbmqo,1896,soul,Unknown
lA_e5AI4puo,[Mini Mix] Gangsta Funk 70s,https://www.youtube.com/watch?v=lA_e5AI4puo,9139,soul,Unknown
GplnLREqNSY,Believe In Me (Rare 70s Funk Song),https://www.youtube.com/watch?v=GplnLREqNSY,4029,funk,Unknown
VtFuNTFn9vY,[Mini Mix] Wanted Funk 70s,https://www.youtube.com/watch?v=VtFuNTFn9vY,3815,soul,Unknown
c9XDDzPU9G0,Zip-Codes - Sweet Meat Parts 1 & 2 [Better] 1970 Funk 45,https://www.youtube.com/watch?v=c9XDDzPU9G0,3156,funk,Unknown
eCfn_rfyVh4,C.C. & Co ~ When (Rare Funk Instrumental 1987) HD,https://www.youtube.com/watch?v=eCfn_rfyVh4,4317,funk,Unknown
wOeCgWCjjQ8,G-FUNK 70s - Cadillac Dreams,https://www.youtube.com/watch?v=wOeCgWCjjQ8,4931,soul,Unknown
r-h94H260fg,Rare Funk/Disco Breaks- Jo Boyer-  Mildy (12' Inch),https://www.youtube.com/watch?v=r-h94H260fg,738,funk,Unknown
p5OaU3htXBw,Flashback - Piece of mind (Soul-Funk - 1977),https://www.youtube.com/watch?v=p5OaU3htXBw,7111,soul,Unknown
GTUto3MEaA0,🎵70s & 80s Soul & Funk Groove Vibes – Vinyl Nights #14 – Stay Right Here,https://www.youtube.com/watch?v=GTUto3MEaA0,142,soul,Unknown
G6KQFKqfVTY,"[texas modern soul, synth funk boogie] ZANE & HOGAN Let's All Get Happy (Le Cam Records/Mid 1970s?)",https://www.youtube.com/watch?v=G6KQFKqfVTY,735,funk,Unknown
n8au8vo0kdI,Donovan's Druids - Love Potion No. 9 (Rare Oz Funk 45),https://www.youtube.com/watch?v=n8au8vo0kdI,4484,funk,Unknown
kZCcNkGslr0,Gregory Andre And Two Plus Three - Funk Junk Parts I & II [Sea Side] 1979 Modern Soul Funk 45,https://www.youtube.com/watch?v=kZCcNkGslr0,3486,soul,Unknown
PaYwv_FnIkw,"BODY, SOUL & SPIRIT - Dance Dance Dance (Disco / Funk / 70s)",https://www.youtube.com/watch?v=PaYwv_FnIkw,1240,disco,Unknown
m8JT09uwG1w,Kool and The Gang - N.T. - Rare Funk,https://www.youtube.com/watch?v=m8JT09uwG1w,2249,funk,Unknown
8TE5GBOPqJs,Jam Factory - Tight Knit Group [Jazz-Funk] (1970),https://www.youtube.com/watch?v=8TE5GBOPqJs,1245,funk,Unknown
e9unnqGhZmc,5 Jazz-Funk Deep Cuts You Need to Hear (Hidden 70s Gems),https://www.youtube.com/watch?v=e9unnqGhZmc,7917,funk,Unknown
IzqCnbIMfhA,Black Ivory - Daily News (1975) rare disco funk Leroy Burgess arranged Patrick Adams Charlie Calello,https://www.youtube.com/watch?v=IzqCnbIMfhA,1462,funk,Unknown
lxDvR6hdptE,🎵70s & 80s Soul & Funk Groove Vibes – Vinyl Nights #13 – We Just Flow,https://www.youtube.com/watch?v=lxDvR6hdptE,288,soul,Unknown
TWQ3WA_pzG4,"Bobby B. Turner ""Hurricane"" Soulful Fusion / Spiritual Jazz / Jazz-Funk / DRUMS / RARE Vinyl Rip",https://www.youtube.com/watch?v=TWQ3WA_pzG4,691,jazz,Unknown
ZtevjoMIsMo,Latins 80 - Foglie gialle all'imbrunire '70 Rare/Italian/Funk/Bossa - Album preview,https://www.youtube.com/watch?v=ZtevjoMIsMo,2355,funk,Unknown
_YhpXIelzW0,FUNKY 70S INTROs - IN THE MIX,https://www.youtube.com/watch?v=_YhpXIelzW0,536,funk,Unknown
5Nv6loIPDDw,Soulparanos - Rare Funky Groove,https://www.youtube.com/watch?v=5Nv6loIPDDw,6709,soul,Unknown
qwSwhpUxMOw,Gamble - Old Age Ain't Tired [Sigma Sound] 1978 Modern Soul Funk 45,https://www.youtube.com/watch?v=qwSwhpUxMOw,3299,soul,Unknown
ZZmJjk0pqAE,Henry Schifter - Calico Lady classic funk rock rare,https://www.youtube.com/watch?v=ZZmJjk0pqAE,1650,funk,Unknown
QzKr5z3UWrg,Eddie Henderson - Say You Will (1977) HQ VINYL RIP | 70s Jazz Funk,https://www.youtube.com/watch?v=QzKr5z3UWrg,1270,funk,Unknown
YFDnXe3CIYQ,Unity And The Downbeats - Love Dream (Soul Funk - 1976),https://www.youtube.com/watch?v=YFDnXe3CIYQ,1225,soul,Unknown
yCL-2PIswJk,Ruby Andrews rare soul funk - (I Want To Be) Whatever It Takes To Please You (1972) Zodiac Records,https://www.youtube.com/watch?v=yCL-2PIswJk,778,soul,Unknown
JXxh8o3Q3bI,Michael de Albuquerque - Patience Cousin! (Official AI Visualizer | 1970s Funk Progressive Rock),https://www.youtube.com/watch?v=JXxh8o3Q3bI,6944,funk,Unknown
k7CSEE3n0cM,DISCO/FUNK 70S & 80S,https://www.youtube.com/watch?v=k7CSEE3n0cM,709,funk,Unknown
wMp_F4WLhyg,G-FUNK 70s - Downbeat & Dope 45,https://www.youtube.com/watch?v=wMp_F4WLhyg,3496,soul,Unknown
jk7eQ5fLe0s,Jazz Funk 70s  Hap nin,https://www.youtube.com/watch?v=jk7eQ5fLe0s,223,funk,Unknown
OpeRkD0EVoU,Krystal - False alarm (Soul-Funk - 1977),https://www.youtube.com/watch?v=OpeRkD0EVoU,1000,soul,Unknown
fHtKqSBpcbQ,Funk,https://www.youtube.com/watch?v=fHtKqSBpcbQ,1106,funk,Unknown
SoeF7Su-478,GENERATIONS SOUL FUNK 70s,https://www.youtube.com/watch?v=SoeF7Su-478,971,soul,Unknown
rR9w_bOteq8,1970'S FUNK JAZZ ROCK ALBUM TRACK - Share By '' naac.tr '' による世界のステレオ V766,https://www.youtube.com/watch?v=rR9w_bOteq8,136,funk,Unknown
fk3z_jparZw,RARE FUNK - jOHNNy tRu lOVe cOLLECTIOn,https://www.youtube.com/watch?v=fk3z_jparZw,2598,funk,Unknown
x8G3Di9k0Xo,CENTRAL LINE - SURPRISE SURPRISE #funk #oldschool #rare #killer #boogie #soul #music #groove,https://www.youtube.com/watch?v=x8G3Di9k0Xo,1672,funk,Unknown
FzWPwaCS-J0,🎵 1974 | Soul/Funk Groove/R&B Night Vibes Inspired | Franky B. Jonnas,https://www.youtube.com/watch?v=FzWPwaCS-J0,830,soul,Unknown
TAkEWdJqYOc,rare funk & disco - the collector series - vol#2,https://www.youtube.com/watch?v=TAkEWdJqYOc,2949,funk,Unknown
u6KA_4Ett0w,Angra – Time (If It Was Funk) | 70s Funk Reimagined [AI Remix],https://www.youtube.com/watch?v=u6KA_4Ett0w,886,funk,Unknown
DLR3XZrId4A,Midnight Surfer - Zonzaleg - Rissoled (Gonzalez - Rissoled reworked M.S Edit) - Rare Funk,https://www.youtube.com/watch?v=DLR3XZrId4A,1256,funk,Unknown
j0CkR9lQyMI,LET HIM COOK (1977) OBSCURE HIT FUNK SONG!,https://www.youtube.com/watch?v=j0CkR9lQyMI,3614,funk,Unknown
MkCH_yh93hU,"A Different Bag - Mother Fudge-Cicle (Part 1&2) [US, Funk] (1970s)",https://www.youtube.com/watch?v=MkCH_yh93hU,2192,funk,Unknown
4di7qPIvcaY,Rare Modern Soul Funk LP Memory Of Justice Band - Going Around In Circle,https://www.youtube.com/watch?v=4di7qPIvcaY,235,soul,Unknown
HTzXWP-xxS8,The Funky 1970s Cello Pop & Disco Love Groove Beat Theme in E minor(120 Bpm) 5 Yamaha E Cello Solos,https://www.youtube.com/watch?v=HTzXWP-xxS8,258,funk,Unknown
fqBodMX5RNU,Con-Funk-Shun,https://www.youtube.com/watch?v=fqBodMX5RNU,5288,funk,Unknown
Nw0m-vFON1k,COOKIE - CAN'T JUDGE A BOOK BY ITS COVER 1982 (RARE FUNK),https://www.youtube.com/watch?v=Nw0m-vFON1k,660,funk,Unknown
EvGrKJlF5g4,G-FUNK 70s - Cadillac Ride,https://www.youtube.com/watch?v=EvGrKJlF5g4,2992,soul,Unknown
KmpzdNQTRz0,🎵 1979 | Disco/Funk Groove/R&B Night Vibes Inspired | Mike E. Bosse,https://www.youtube.com/watch?v=KmpzdNQTRz0,1261,funk,Unknown
0GkpOGV6wnM,(NEVER BEFORE USED SAMPLES) Rare vintage Japanese soul sample pack  - Rare Japan,https://www.youtube.com/watch?v=0GkpOGV6wnM,5055,soul,Unknown
E7UNWSbnaSY,Rare Vintage Soul Sample Pack | Special Soul,https://www.youtube.com/watch?v=E7UNWSbnaSY,2596,soul,Unknown
YLSLOPWj9Ss,"VINTAGE SOUL SAMPLE PACK - ""VEGAS PT2"" [Rare Soulful Samples For Hip-Hop]",https://www.youtube.com/watch?v=YLSLOPWj9Ss,32285,soul,Unknown
wzg68nYQSy8,RARE Vintage Soul Sample Pack | Journey,https://www.youtube.com/watch?v=wzg68nYQSy8,1632,soul,Unknown
GsnFlJYssCE,Ice Cold Love - Wonderful To Be Loved,https://www.youtube.com/watch?v=GsnFlJYssCE,8835,unknown,Unknown
I2i2dP_xDio,The Persuaders - If You Feel Like I Do [ Soul Sample ],https://www.youtube.com/watch?v=I2i2dP_xDio,634,soul,Unknown
00tn_dnn7mg,RARE Vintage 80s Soul Sample Pack | Just Us,https://www.youtube.com/watch?v=00tn_dnn7mg,1904,soul,Unknown
m4qprukXHHI,free Jay Z vintage soul sample pack | The Ruler,https://www.youtube.com/watch?v=m4qprukXHHI,3979,soul,Unknown
u2WPnj2ZEew,how to find samples that are actually good,https://www.youtube.com/watch?v=u2WPnj2ZEew,23589,unknown,Unknown
LFyOF-3zUGA,"How to Make SOULFUL Boom Bap Beats | (How to Find Rare Soul Samples, Kanye West, FL Studio Tutorial)",https://www.youtube.com/watch?v=LFyOF-3zUGA,9689,soul,Unknown
xVzRcW7FQYQ,Rare Vintage Soul Sample Pack | Rare Soul,https://www.youtube.com/watch?v=xVzRcW7FQYQ,3276,soul,Unknown
L4OBsWTIS-Y,Free 10 Rare Soul Samples - Volume 1 - Download available,https://www.youtube.com/watch?v=L4OBsWTIS-Y,24747,soul,Unknown
ahIALZN-0bE,free Vintage SOUL Sample Pack | Dance,https://www.youtube.com/watch?v=ahIALZN-0bE,2438,soul,Unknown
8u3G3D0SHbI,free Kanye West Vintage Soul Sample Pack | Bully 3,https://www.youtube.com/watch?v=8u3G3D0SHbI,3739,soul,Unknown
mmDYfaiBYWU,LTD - Is It Over,https://www.youtube.com/watch?v=mmDYfaiBYWU,10585,unknown,Unknown
_IeQDeBS6P8,The Soul Messengers - Messiah,https://www.youtube.com/watch?v=_IeQDeBS6P8,15172,soul,Unknown
xALqC-41Olg,free Kanye West vintage soul sample pack | The Ye Soul Collection (reupload),https://www.youtube.com/watch?v=xALqC-41Olg,13343,soul,Unknown
isxWxG6k8a0,"RARE VINTAGE SOUL/JAZZ SAMPLE PACK ""DALI"" (Alchemist, Bexblue, Boldy James, Kendrick Lamar)",https://www.youtube.com/watch?v=isxWxG6k8a0,363,soul,Unknown
5nh2oTJhCic,Sampling a Soul Legend from Mississippi in FL Studio,https://www.youtube.com/watch?v=5nh2oTJhCic,131,soul,Unknown
kQaURGTToQI,"(FREE) JAZZY & SOUL VINTAGE SAMPLE KIT ""AP BELUGA"" 70s Samples (J Dilla, Mf Doom, Joey Badass)",https://www.youtube.com/watch?v=kQaURGTToQI,2131,soul,Unknown
RezsSexSAq8,"""CITY LIGHTS"" - SAMPLE PACK & LOOPS BOOM BAP VINTAGE LO-FI SOUL JAZZ FUNK - VOL.27",https://www.youtube.com/watch?v=RezsSexSAq8,465,soul,Unknown
H2FrB008sHk,"(FREE) Soul Sample Pack | Soul Loop Kit 2026 - ""Aura"" (Stems, Royalty Free, Analog, Vinyl, Tape)",https://www.youtube.com/watch?v=H2FrB008sHk,1575,soul,Unknown
vmb4Zf8QlsA,"RARE VINTAGE SOUL/JAZZ SAMPLE PACK ""BLUE"" (Alchemist, Madlib, Boldy James, J Dilla)",https://www.youtube.com/watch?v=vmb4Zf8QlsA,523,soul,Unknown
Yuq-QDExExc,FREE Vintage Soul Sample Pack 70s & 80s | Old School Jazz Samples for Boom Bap #theproducerfb,https://www.youtube.com/watch?v=Yuq-QDExExc,30,hiphop,Unknown
MLhJUd2Rhsc,"(FREE) RARE VINTAGE 70´S SOUL/JAZZ SAMPLE PACK ""PICASSO"" (Alchemist, MF DOOM, Joey Badass, Griselda)",https://www.youtube.com/watch?v=MLhJUd2Rhsc,6569,soul,Unknown
Lr_HF3CFH-I,"VINTAGE 70´S SOUL/JAZZ RARE SAMPLES ""WELCOME"" Sample Kit (Alchemist, MF DOOM, Old Kanye, Griselda)",https://www.youtube.com/watch?v=Lr_HF3CFH-I,8013,soul,Unknown
5Y9H0_Gv7CQ,Suno V5.5 Rare Soul Sample Flip | The Weekly Cook Up,https://www.youtube.com/watch?v=5Y9H0_Gv7CQ,7,soul,Unknown
KjzhsKa9sOA,FREE Vintage Soul Sample Pack 70s & 80s | Old School Jazz Samples for Boom Bap #theproducerfb,https://www.youtube.com/watch?v=KjzhsKa9sOA,26,hiphop,Unknown
F-ImD9kmsrw,free Vintage Soul Sample Pack | Starry,https://www.youtube.com/watch?v=F-ImD9kmsrw,3147,soul,Unknown
zhsVrPvai7o,free Vintage Soul Sample Pack | Lonely,https://www.youtube.com/watch?v=zhsVrPvai7o,2749,soul,Unknown
HcpyLgDC_rs,vintage soul sample pack | 'the big one',https://www.youtube.com/watch?v=HcpyLgDC_rs,33,soul,Unknown
7je50bjDC-c,vintage soul/jazz sample pack | 'batch 8',https://www.youtube.com/watch?v=7je50bjDC-c,18,soul,Unknown
KA5Nv5CDnfo,Eddie Robinson - Feet On The Ground | Jazz vokal soul sample,https://www.youtube.com/watch?v=KA5Nv5CDnfo,12777,soul,Unknown
Jj9k5a-0QOA,Rare Soul Samples Vol.3 - Rare Gems,https://www.youtube.com/watch?v=Jj9k5a-0QOA,269,soul,Unknown
CpuWcjR7t94,The Alchemist x Griselda Vintage Sample Pack - Rare Finds (RARE NEVER USED SAMPLES),https://www.youtube.com/watch?v=CpuWcjR7t94,3942,unknown,Unknown
zC4Xji3Y7QA,"(FREE) SOUL VINTAGE SAMPLE PACK ""CHAMPION"" Boom Bap, Blues, Jazz",https://www.youtube.com/watch?v=zC4Xji3Y7QA,2326,soul,Unknown
-y-CnGRuKv8,70's Soul Samples - Amber Haze | rare samples to chop,https://www.youtube.com/watch?v=-y-CnGRuKv8,220,soul,Unknown
GTzxhUYqmYs,Polyphonic Music Library - Soul Affair Vol. 3 | Soul Sample Pack,https://www.youtube.com/watch?v=GTzxhUYqmYs,1686,soul,Unknown
GbkL0D95ga4,Borealis Dark RnB Soul Sample Pack,https://www.youtube.com/watch?v=GbkL0D95ga4,130,soul,Unknown
lHv7yDqU-T0,Rare Vintage Memory Recollection Sample Pack | Elixir,https://www.youtube.com/watch?v=lHv7yDqU-T0,1976,unknown,Unknown
8I5fgKysDiU,Free Soul Samples Chopped And Ready !,https://www.youtube.com/watch?v=8I5fgKysDiU,3243,soul,Unknown
sFblVN6uck8,"[SOUL SAMPLES] ""RELAPSE"" 15+ ROC MARICANO X ALCHEMIST SAMPLE PACK | SOUL SAMPLE PACK (RARE SAMPLES)",https://www.youtube.com/watch?v=sFblVN6uck8,620,soul,Unknown
DebS8dL7zeg,(FREE)Vintage Japanese Soul Sample Pack .GEMS.,https://www.youtube.com/watch?v=DebS8dL7zeg,3373,soul,Unknown
wMhf2pPsQ8c,"SOUL SAMPLE PACK ""GHETO"" Rare Vintage Soul & Jazz Sample Gems",https://www.youtube.com/watch?v=wMhf2pPsQ8c,270,soul,Unknown
mhAqLCtXBVY,free Kanye West Vintage Soul Sample Pack | Bully II,https://www.youtube.com/watch?v=mhAqLCtXBVY,3635,soul,Unknown
KdrNEm2BGdg,free Madlib vintage Soul sample pack | Madlib 4,https://www.youtube.com/watch?v=KdrNEm2BGdg,3240,soul,Unknown
WBS5pIGEM-o,"+2000 JAZZ, SOUL AND MORE VINTAGE SAMPLES [ROYALTY FREE] #samples",https://www.youtube.com/watch?v=WBS5pIGEM-o,35,soul,Unknown
sV-392VO5hc,"FREE Vintage Soul Sample!  - (J. Cole, JID, Kendrick, Jay-Z Type Loops) | SAMPLE BREAKDOWN!",https://www.youtube.com/watch?v=sV-392VO5hc,158,soul,Unknown
wpWTEoM7r4w,"Free Rare Vintage Soul Samples (download free) | ""Dark Byzantium""",https://www.youtube.com/watch?v=wpWTEoM7r4w,87,soul,Unknown
YUQ6Uu6xTjo,How to make Vintage Soul Sample For Producers,https://www.youtube.com/watch?v=YUQ6Uu6xTjo,16207,soul,Unknown
-Wnimt2FZcY,[FREE LOOP KIT] soul x rnb x rare samples x new jazz x andrzxz loop kit ''TIMES'' @andrzxz,https://www.youtube.com/watch?v=-Wnimt2FZcY,2471,soul,Unknown
